dish_name,cuisine,sweet,salt,sour,bitter,umami,spicy,fat,aromatic,crunch,chew
Thai Spring Rolls,Thai,0.3,0.7,0.2,0.1,0.5,0.2,0.7,0.6,1.0,0.4
Chicken Satay,Thai,0.6,0.7,0.2,0.1,0.8,0.3,0.7,0.8,0.3,0.7
Fresh Summer Rolls,Thai,0.4,0.5,0.4,0.1,0.4,0.2,0.2,0.7,0.6,0.5
Thai Fried Calamari,Thai,0.3,0.8,0.6,0.1,0.8,0.5,0.7,0.6,1.0,0.6
Thai Fish Cakes,Thai,0.4,0.7,0.3,0.1,0.8,0.6,0.6,0.9,0.4,0.8
Green Papaya Salad,Thai,0.5,0.7,0.9,0.2,0.6,0.9,0.1,0.8,1.0,0.4
Thai Chicken Wings,Thai,0.6,0.8,0.3,0.1,0.9,0.7,0.8,0.7,1.0,0.7
Thai Shrimp Cakes,Thai,0.4,0.7,0.3,0.1,0.9,0.3,0.6,0.7,0.9,0.8
Fried Wontons,Thai,0.4,0.7,0.1,0.1,0.6,0.2,0.7,0.4,1.0,0.4
Fried Tofu,Thai,0.5,0.6,0.4,0.2,0.4,0.3,0.6,0.3,0.9,0.5
Golden Bags,Thai,0.6,0.7,0.2,0.1,0.7,0.3,0.7,0.6,1.0,0.5
Thai Curry Puffs,Thai,0.5,0.7,0.2,0.1,0.8,0.5,0.8,0.9,0.9,0.6
Chicken Lettuce Wraps,Thai,0.4,0.7,0.6,0.2,0.8,0.6,0.3,0.9,0.7,0.5
Steamed Dumplings,Thai,0.3,0.7,0.2,0.1,0.8,0.2,0.4,0.7,0.1,0.7
Thai Corn Fritters,Thai,0.7,0.6,0.2,0.1,0.5,0.4,0.7,0.6,0.9,0.6
Larb Gai,Thai,0.2,0.8,0.9,0.2,0.9,0.9,0.3,1.0,0.5,0.5
Shrimp in a Blanket,Thai,0.4,0.7,0.3,0.1,0.8,0.2,0.6,0.6,1.0,0.7
Sun-Dried Beef,Thai,0.5,0.9,0.2,0.1,0.9,0.4,0.6,0.7,0.4,1.0
Waterfall Beef Salad,Thai,0.3,0.8,0.9,0.2,1.0,0.9,0.4,0.9,0.4,0.8
Coconut Shrimp,Thai,0.8,0.6,0.3,0.1,0.7,0.3,0.8,0.8,1.0,0.7
Pad Thai,Thai,0.7,0.6,0.6,0.1,0.8,0.4,0.5,0.7,0.6,0.7
Pad See Ew,Thai,0.5,0.8,0.2,0.2,0.9,0.2,0.6,0.6,0.2,0.9
Drunken Noodles,Thai,0.3,0.9,0.3,0.1,1.0,1.0,0.6,1.0,0.2,0.9
Khao Soi,Thai,0.5,0.8,0.5,0.1,1.0,0.7,0.9,1.0,0.8,0.7
Pad Woon Sen,Thai,0.4,0.7,0.2,0.1,0.8,0.2,0.5,0.6,0.3,0.6
Boat Noodles,Thai,0.3,0.9,0.4,0.3,1.0,0.7,0.6,0.9,0.2,0.8
Rad Na,Thai,0.4,0.8,0.2,0.1,0.9,0.2,0.6,0.6,0.1,0.9
Kuay Teow Nua,Thai,0.3,0.8,0.3,0.2,1.0,0.4,0.5,0.9,0.2,0.7
Pad Kra Pao,Thai,0.2,0.9,0.2,0.1,1.0,1.0,0.6,1.0,0.2,0.6
Cashew Chicken,Thai,0.6,0.8,0.4,0.1,0.9,0.7,0.6,0.8,0.9,0.7
Pad Priew Wan,Thai,0.9,0.6,0.8,0.1,0.8,0.3,0.5,0.6,0.7,0.6
Pad Ginger,Thai,0.3,0.8,0.2,0.4,0.9,0.6,0.4,1.0,0.4,0.6
Pad Prik Khing,Thai,0.5,0.9,0.2,0.2,1.0,0.8,0.7,0.9,0.3,0.8
Garlic Pepper Stir-Fry,Thai,0.1,0.8,0.2,0.2,0.9,0.3,0.7,1.0,0.8,0.6
Kana Moo Krob,Thai,0.2,0.9,0.1,0.1,1.0,0.6,0.9,0.7,1.0,0.8
Mixed Vegetable Stir-Fry,Thai,0.4,0.7,0.2,0.2,0.7,0.1,0.4,0.5,0.7,0.5
Green Curry,Thai,0.6,0.7,0.3,0.2,0.9,0.8,0.9,1.0,0.2,0.6
Red Curry,Thai,0.6,0.7,0.3,0.1,0.9,0.8,0.8,0.9,0.2,0.6
Yellow Curry,Thai,0.7,0.6,0.2,0.1,0.8,0.5,0.9,0.9,0.2,0.7
Massaman Curry,Thai,0.8,0.6,0.3,0.1,0.9,0.4,1.0,0.9,0.3,0.8
Panang Curry,Thai,0.7,0.7,0.2,0.1,0.9,0.6,0.9,0.9,0.2,0.6
Jungle Curry,Thai,0.1,0.8,0.4,0.6,0.9,1.0,0.1,1.0,0.2,0.6
Pineapple Curry,Thai,0.9,0.7,0.6,0.1,0.9,0.7,0.8,0.9,0.2,0.7
Duck Curry,Thai,0.7,0.7,0.4,0.2,1.0,0.7,1.0,1.0,0.3,0.8
Thai Fried Rice,Thai,0.3,0.7,0.3,0.1,0.8,0.3,0.5,0.6,0.3,0.5
Pineapple Fried Rice,Thai,0.8,0.6,0.5,0.1,0.8,0.3,0.5,0.8,0.4,0.5
Basil Fried Rice,Thai,0.3,0.9,0.3,0.1,1.0,0.9,0.6,1.0,0.3,0.6
Crab Fried Rice,Thai,0.4,0.8,0.4,0.1,1.0,0.2,0.6,0.7,0.3,0.6
Crying Tiger,Thai,0.2,0.8,0.5,0.2,1.0,0.7,0.7,0.8,0.3,0.9
Larb,Thai,0.2,0.8,0.9,0.2,0.9,0.9,0.3,1.0,0.5,0.5
Gai Yang,Thai,0.2,0.8,0.3,0.2,0.9,0.4,0.6,1.0,0.4,0.7
Steam Ginger Fish,Thai,0.3,0.8,0.5,0.4,0.9,0.4,0.2,1.0,0.1,0.6
Pla Rad Prik,Thai,0.9,0.7,0.8,0.1,0.9,0.8,0.7,0.8,1.0,0.5
Khao Kha Moo,Thai,0.6,0.8,0.2,0.1,1.0,0.2,0.9,0.8,0.1,0.9
Khao Mok Gai,Thai,0.4,0.8,0.3,0.1,0.9,0.5,0.7,1.0,0.2,0.7
Yum Woon Sen,Thai,0.5,0.7,0.9,0.1,0.8,0.8,0.2,0.9,0.4,0.6
Tom Yum Soup,Thai,0.4,0.8,0.9,0.1,0.9,0.8,0.3,1.0,0.1,0.5
Tom Kha Soup,Thai,0.5,0.6,0.7,0.1,0.9,0.4,0.9,1.0,0.1,0.5
Khua Kling,Thai,0.1,0.9,0.2,0.3,1.0,1.0,0.4,1.0,0.1,0.8
Mango Sticky Rice,Thai,1.0,0.2,0.1,0.1,0.2,0.1,0.6,0.8,0.1,0.9
Fried Bananas,Thai,0.9,0.1,0.1,0.1,0.1,0.1,0.6,0.5,0.8,0.7
Thai Coconut Custard,Thai,0.9,0.1,0.1,0.1,0.3,0.1,0.7,0.8,0.1,0.7
Sweet Sticky Rice with Custard,Thai,1.0,0.1,0.1,0.1,0.3,0.1,0.6,0.8,0.1,0.9
Roti with Condensed Milk,Thai,1.0,0.2,0.1,0.1,0.1,0.1,0.8,0.4,0.7,0.8
Thai Iced Tea,Thai,1.0,0.1,0.1,0.4,0.1,0.1,0.5,1.0,0.1,0.1
Thai Iced Coffee,Thai,0.9,0.1,0.1,0.8,0.2,0.1,0.5,1.0,0.1,0.1
Pink Milk,Thai,1.0,0.1,0.1,0.1,0.1,0.1,0.6,0.7,0.1,0.1
Fresh Whole Coconut,Thai,0.6,0.1,0.2,0.1,0.1,0.1,0.1,0.8,0.1,0.4
Vegetable Samosa,Indian,0.2,0.6,0.2,0.1,0.5,0.4,0.7,0.8,0.9,0.3
Paneer Tikka,Indian,0.3,0.7,0.4,0.2,0.8,0.6,0.6,0.9,0.4,0.7
Chicken Tikka,Indian,0.2,0.7,0.5,0.2,0.9,0.7,0.5,0.9,0.3,0.7
Gobi Manchurian,Indian,0.5,0.8,0.6,0.2,0.8,0.7,0.6,0.6,0.7,0.4
Vegetable Pakora,Indian,0.1,0.6,0.1,0.2,0.4,0.4,0.8,0.7,0.9,0.2
Samosa Chaat,Indian,0.6,0.8,0.7,0.2,0.7,0.6,0.5,0.8,0.6,0.4
Chicken 65,Indian,0.2,0.8,0.5,0.2,0.9,0.9,0.7,0.8,0.7,0.5
Papdi Chaat,Indian,0.7,0.7,0.8,0.1,0.5,0.5,0.4,0.7,0.9,0.2
Aloo Tikki,Indian,0.2,0.7,0.3,0.1,0.6,0.5,0.6,0.7,0.8,0.4
Onion Bhaji,Indian,0.3,0.6,0.1,0.3,0.5,0.5,0.8,0.8,0.9,0.2
Pani Puri,Indian,0.6,0.8,1.0,0.2,0.5,0.8,0.1,0.9,0.9,0.1
Chicken Lollipop,Indian,0.4,0.8,0.3,0.1,0.9,0.7,0.7,0.6,0.8,0.5
Seekh Kebab,Indian,0.2,0.8,0.2,0.3,1.0,0.7,0.7,1.0,0.3,0.8
Chilli Paneer,Indian,0.4,0.8,0.5,0.2,0.8,0.8,0.6,0.6,0.5,0.7
Hara Bhara Kabab,Indian,0.2,0.6,0.2,0.4,0.6,0.4,0.5,0.8,0.6,0.5
Tandoori Chicken,Indian,0.2,0.8,0.5,0.2,0.9,0.7,0.6,1.0,0.4,0.7
Dahi Puri,Indian,0.8,0.6,0.7,0.1,0.5,0.4,0.5,0.7,0.8,0.3
Bhel Puri,Indian,0.6,0.8,0.8,0.2,0.5,0.7,0.2,0.8,1.0,0.2
Vada Pav,Indian,0.2,0.7,0.2,0.1,0.6,0.8,0.6,0.7,0.5,0.7
Paneer Pakora,Indian,0.2,0.6,0.1,0.1,0.6,0.3,0.7,0.6,0.8,0.7
Chilli Chicken,Indian,0.4,0.8,0.5,0.1,0.9,0.9,0.7,0.6,0.6,0.6
Medhu Vada,Indian,0.1,0.7,0.1,0.2,0.5,0.3,0.6,0.6,0.9,0.5
Idli,Indian,0.1,0.5,0.4,0.1,0.4,0.1,0.1,0.3,0.1,0.7
Fish Tikka,Indian,0.2,0.8,0.5,0.2,0.9,0.6,0.5,0.9,0.4,0.6
Lamb Boti Kebab,Indian,0.2,0.8,0.3,0.3,1.0,0.7,0.7,1.0,0.2,0.9
Malai Kofta,Indian,0.6,0.6,0.2,0.1,0.9,0.2,0.9,0.9,0.3,0.7
Masala Papad,Indian,0.2,0.9,0.5,0.2,0.5,0.5,0.2,0.8,1.0,0.1
Kachori,Indian,0.3,0.7,0.3,0.1,0.5,0.6,0.8,0.8,0.9,0.4
Sabudana Vada,Indian,0.2,0.6,0.2,0.1,0.4,0.4,0.7,0.6,0.9,0.7
Bharwan Mushroom,Indian,0.3,0.7,0.2,0.3,0.9,0.5,0.6,0.9,0.4,0.7
Amritsari Fish Fry,Indian,0.1,0.8,0.5,0.2,0.9,0.7,0.7,0.9,0.9,0.5
Dahi Bhalla,Indian,0.7,0.6,0.6,0.1,0.6,0.4,0.5,0.8,0.2,0.8
Chicken Chapli Kebab,Indian,0.2,0.8,0.4,0.3,1.0,0.8,0.7,1.0,0.6,0.6
Gobi 65,Indian,0.2,0.8,0.4,0.2,0.7,0.9,0.7,0.8,0.9,0.4
Moong Dal Halwa Kachumber,Indian,0.2,0.6,0.7,0.2,0.4,0.3,0.1,0.5,0.8,0.2
Mogo Chips,Indian,0.2,0.8,0.3,0.1,0.5,0.5,0.6,0.4,0.9,0.6
Khandvi,Indian,0.4,0.6,0.4,0.2,0.5,0.3,0.4,0.8,0.2,0.8
Chicken Malai Kebab,Indian,0.4,0.6,0.2,0.1,0.9,0.2,0.8,0.9,0.2,0.7
Shrimp Tandoori,Indian,0.3,0.8,0.5,0.1,0.9,0.6,0.5,1.0,0.4,0.6
Veg Spring Rolls,Indian,0.2,0.6,0.2,0.1,0.5,0.2,0.7,0.5,1.0,0.3
Chicken Tikka Masala,Indian,0.5,0.8,0.5,0.1,1.0,0.7,0.8,0.9,0.1,0.5
Butter Chicken,Indian,0.7,0.7,0.3,0.1,1.0,0.4,1.0,0.9,0.1,0.5
Chicken Biryani,Indian,0.3,0.8,0.2,0.2,1.0,0.8,0.6,1.0,0.3,0.5
Palak Paneer,Indian,0.2,0.7,0.1,0.5,0.9,0.4,0.7,0.8,0.1,0.7
Lamb Rogan Josh,Indian,0.2,0.8,0.3,0.3,1.0,0.8,0.8,1.0,0.1,0.9
Chana Masala,Indian,0.3,0.7,0.6,0.2,0.8,0.7,0.4,0.9,0.2,0.6
Tandoori Chicken Main,Indian,0.2,0.8,0.5,0.2,1.0,0.7,0.6,1.0,0.4,0.7
Masala Dosa,Indian,0.2,0.7,0.4,0.1,0.6,0.5,0.4,0.8,0.9,0.5
Lamb Vindaloo,Indian,0.3,0.8,0.9,0.3,1.0,1.0,0.7,0.9,0.1,0.9
Aloo Gobi,Indian,0.3,0.7,0.2,0.2,0.7,0.6,0.5,0.9,0.5,0.5
Dal Makhani,Indian,0.3,0.7,0.1,0.2,0.9,0.2,0.9,0.8,0.1,0.8
Chicken Korma,Indian,0.6,0.6,0.2,0.1,0.9,0.3,0.9,1.0,0.2,0.6
Paneer Tikka Masala,Indian,0.4,0.8,0.4,0.2,0.9,0.7,0.8,0.9,0.2,0.7
Chicken Jalfrezi,Indian,0.3,0.8,0.5,0.2,0.8,0.9,0.6,0.9,0.5,0.5
Malai Kofta Main,Indian,0.6,0.7,0.2,0.1,0.9,0.2,1.0,0.9,0.2,0.8
Baingan Bharta,Indian,0.3,0.7,0.2,0.4,0.9,0.6,0.6,1.0,0.1,0.6
Shahi Paneer,Indian,0.7,0.6,0.2,0.1,0.9,0.2,0.9,0.9,0.1,0.7
Chicken Curry,Indian,0.2,0.7,0.3,0.2,0.9,0.6,0.6,0.9,0.1,0.5
Lamb Curry,Indian,0.2,0.8,0.3,0.3,1.0,0.7,0.7,1.0,0.1,0.8
Matar Paneer,Indian,0.4,0.7,0.2,0.2,0.8,0.5,0.7,0.8,0.3,0.7
Kadai Paneer,Indian,0.3,0.8,0.4,0.2,0.9,0.8,0.7,1.0,0.5,0.7
Saag Chicken,Indian,0.2,0.7,0.1,0.5,0.9,0.5,0.7,0.8,0.1,0.7
Shrimp Tandoori Main,Indian,0.3,0.8,0.5,0.1,0.9,0.6,0.5,1.0,0.4,0.6
Bhindi Masala,Indian,0.2,0.7,0.4,0.3,0.6,0.5,0.5,0.8,0.4,0.6
Chole Bhature,Indian,0.3,0.8,0.6,0.2,0.8,0.7,0.8,0.9,0.6,0.7
Fish Curry Goan,Indian,0.4,0.8,0.8,0.1,0.9,0.8,0.8,1.0,0.1,0.5
Lamb Madras,Indian,0.2,0.8,0.6,0.3,0.9,0.9,0.7,1.0,0.1,0.9
Navratan Korma,Indian,0.7,0.5,0.2,0.1,0.7,0.2,0.8,0.9,0.5,0.6
Yellow Dal Tadka,Indian,0.2,0.7,0.3,0.2,0.7,0.5,0.5,1.0,0.2,0.5
Paneer Bhurji,Indian,0.2,0.8,0.3,0.1,0.8,0.7,0.7,0.8,0.4,0.5
Chicken 65 Main,Indian,0.2,0.9,0.5,0.1,0.9,1.0,0.7,0.8,0.6,0.5
Goat Biryani,Indian,0.2,0.8,0.2,0.3,1.0,0.8,0.7,1.0,0.2,0.9
Vegetable Pulao,Indian,0.3,0.6,0.1,0.1,0.6,0.3,0.4,1.0,0.3,0.4
Chicken Do Pyaza,Indian,0.5,0.7,0.2,0.2,0.9,0.6,0.6,0.9,0.4,0.6
Kadhai Chicken,Indian,0.3,0.8,0.4,0.2,0.9,0.8,0.7,1.0,0.5,0.6
Tandoori Mixed Grill,Indian,0.2,0.9,0.4,0.3,1.0,0.8,0.7,1.0,0.5,0.8
Lamb Boti Kabab Main,Indian,0.2,0.8,0.3,0.3,1.0,0.7,0.7,1.0,0.2,0.9
Paneer Makhani,Indian,0.6,0.7,0.2,0.1,0.9,0.3,1.0,0.9,0.1,0.7
Shrimp Curry,Indian,0.4,0.8,0.6,0.1,0.9,0.7,0.7,0.9,0.1,0.5
Dal Fry,Indian,0.2,0.7,0.3,0.2,0.7,0.5,0.5,1.0,0.2,0.5
Keema Matar,Indian,0.2,0.8,0.2,0.3,1.0,0.7,0.7,0.9,0.3,0.6
Mushroom Masala,Indian,0.3,0.7,0.2,0.3,0.9,0.6,0.6,0.9,0.4,0.5
Fish Tikka Main,Indian,0.2,0.8,0.5,0.2,0.9,0.6,0.5,1.0,0.4,0.6
Chicken Chettinad,Indian,0.2,0.9,0.5,0.4,0.9,1.0,0.6,1.0,0.2,0.6
Egg Curry,Indian,0.3,0.7,0.3,0.2,0.8,0.6,0.6,0.8,0.1,0.6
Nihari,Indian,0.2,0.9,0.2,0.3,1.0,0.7,1.0,1.0,0.1,0.9
Aloo Matar,Indian,0.4,0.7,0.2,0.1,0.7,0.5,0.4,0.8,0.3,0.5
Lamb Pasanda,Indian,0.6,0.6,0.2,0.1,0.9,0.3,0.9,1.0,0.2,0.8
Gobi Manchurian Main,Indian,0.5,0.9,0.6,0.2,0.8,0.8,0.6,0.6,0.7,0.4
Chilli Chicken Main,Indian,0.4,0.9,0.5,0.1,1.0,0.9,0.7,0.6,0.6,0.6
Chicken Tikka Main,Indian,0.2,0.8,0.5,0.2,1.0,0.7,0.6,1.0,0.4,0.7
Vegetable Makhanwala,Indian,0.6,0.7,0.2,0.1,0.8,0.3,0.9,0.9,0.3,0.5
Pork Vindaloo,Indian,0.3,0.8,1.0,0.3,0.9,1.0,0.7,1.0,0.1,0.9
Methi Chicken,Indian,0.2,0.7,0.2,0.6,0.9,0.6,0.6,1.0,0.1,0.6
Paneer Ghee Roast,Indian,0.3,0.9,0.4,0.2,0.9,1.0,1.0,1.0,0.3,0.7
Lemon Rice,Indian,0.2,0.7,0.9,0.2,0.5,0.4,0.3,0.9,0.4,0.4
Bisi Bele Bath,Indian,0.3,0.8,0.6,0.3,0.8,0.7,0.5,1.0,0.2,0.8
Tandoori Salmon,Indian,0.2,0.8,0.5,0.2,0.9,0.6,0.7,1.0,0.5,0.6
Chilli Paneer Main,Indian,0.4,0.9,0.5,0.2,0.8,0.8,0.7,0.6,0.5,0.7
Puri Bhaji,Indian,0.2,0.7,0.2,0.1,0.6,0.6,0.7,0.8,0.6,0.7
Gulab Jamun,Indian,1.0,0.1,0.1,0.1,0.2,0.1,0.8,0.9,0.1,0.9
Rasmalai,Indian,0.9,0.1,0.1,0.1,0.4,0.1,0.8,1.0,0.1,0.8
Kheer,Indian,0.8,0.1,0.1,0.1,0.3,0.1,0.7,0.9,0.2,0.4
Gajar Ka Halwa,Indian,0.9,0.2,0.1,0.1,0.4,0.1,0.9,0.9,0.3,0.7
Rasgulla,Indian,0.9,0.1,0.1,0.1,0.2,0.1,0.2,0.7,0.1,0.9
Kulfi,Indian,0.9,0.1,0.1,0.1,0.4,0.1,0.9,0.9,0.2,0.6
Jalebi,Indian,1.0,0.1,0.3,0.1,0.1,0.1,0.7,0.6,0.9,0.5
Laddu,Indian,0.9,0.2,0.1,0.1,0.3,0.1,0.8,0.9,0.4,0.7
Kaju Katli,Indian,0.8,0.1,0.1,0.1,0.4,0.1,0.7,0.6,0.2,0.8
Mango Lassi,Indian,1.0,0.1,0.4,0.1,0.2,0.1,0.5,0.7,0.1,0.1
Falooda,Indian,1.0,0.1,0.1,0.1,0.2,0.1,0.7,1.0,0.3,0.6
Shrikhand,Indian,0.9,0.1,0.5,0.1,0.3,0.1,0.8,0.9,0.2,0.8
Soan Papdi,Indian,0.9,0.1,0.1,0.1,0.2,0.1,0.6,0.7,0.8,0.4
Kalakand,Indian,0.8,0.2,0.1,0.1,0.5,0.1,0.8,0.8,0.1,0.9
Barfi,Indian,0.9,0.1,0.1,0.1,0.4,0.1,0.7,0.8,0.1,0.8
Moong Dal Halwa,Indian,0.9,0.2,0.1,0.1,0.6,0.1,1.0,0.9,0.3,0.8
Peda,Indian,0.8,0.2,0.1,0.1,0.4,0.1,0.7,0.8,0.1,0.9
Mysore Pak,Indian,1.0,0.1,0.1,0.1,0.3,0.1,1.0,0.7,0.4,0.8
Sandesh,Indian,0.7,0.1,0.1,0.1,0.3,0.1,0.5,0.8,0.1,0.8
Gulab Jamun Cheesecake,Indian,1.0,0.2,0.2,0.1,0.5,0.1,1.0,0.9,0.6,0.9
Tzatziki with Warm Pita,Greek,0.2,0.6,0.7,0.1,0.4,0.2,0.5,0.8,0.3,0.6
Spanakopita,Greek,0.2,0.7,0.3,0.4,0.6,0.1,0.8,0.9,0.9,0.4
Saganaki,Greek,0.1,0.9,0.4,0.2,0.8,0.2,0.9,0.5,0.6,0.8
Dolmades,Greek,0.2,0.7,0.6,0.3,0.5,0.1,0.4,0.9,0.1,0.7
Calamari Tiganita,Greek,0.2,0.7,0.5,0.1,0.8,0.2,0.7,0.4,0.9,0.6
Grilled Octopus,Greek,0.2,0.7,0.6,0.3,1.0,0.2,0.4,0.7,0.3,0.9
Htipiti,Greek,0.4,0.8,0.5,0.2,0.7,0.5,0.7,0.8,0.2,0.5
Melitzanosalata,Greek,0.3,0.6,0.4,0.4,0.8,0.2,0.5,0.9,0.2,0.6
Keftedakia,Greek,0.2,0.7,0.3,0.2,0.9,0.3,0.6,0.9,0.4,0.6
Kolokithokeftedes,Greek,0.4,0.6,0.3,0.2,0.6,0.2,0.6,0.9,0.7,0.5
Gigantes Plaki,Greek,0.4,0.7,0.3,0.2,0.8,0.2,0.5,0.9,0.1,0.7
Tyropita,Greek,0.2,0.8,0.3,0.1,0.7,0.1,0.9,0.6,0.9,0.4
Taramosalata,Greek,0.2,1.0,0.6,0.3,0.9,0.1,0.8,0.5,0.1,0.3
Hummus with Warm Pita,Greek,0.2,0.6,0.5,0.3,0.7,0.2,0.6,0.7,0.2,0.6
Greek Salad,Greek,0.3,0.8,0.8,0.3,0.5,0.1,0.6,0.9,0.9,0.3
Marinated Olives,Greek,0.1,0.9,0.7,0.6,0.4,0.2,0.7,0.8,0.2,0.5
Feta with Honey and Sesame,Greek,0.9,0.7,0.4,0.2,0.6,0.1,0.8,0.7,0.7,0.5
Shrimp Saganaki,Greek,0.3,0.8,0.6,0.2,0.9,0.5,0.6,0.9,0.3,0.6
Grilled Halloumi,Greek,0.1,0.9,0.4,0.2,0.8,0.1,0.7,0.6,0.4,1.0
Loukaniko,Greek,0.2,0.8,0.4,0.2,0.9,0.4,0.8,1.0,0.5,0.8
Dakos,Greek,0.3,0.7,0.6,0.3,0.5,0.1,0.5,0.8,1.0,0.4
Fried Anchovies,Greek,0.1,0.9,0.5,0.4,0.9,0.2,0.6,0.4,1.0,0.4
Stuffed Florina Peppers,Greek,0.6,0.7,0.4,0.2,0.7,0.3,0.6,0.8,0.3,0.7
Avgolemono Soup,Greek,0.2,0.7,1.0,0.1,0.8,0.1,0.5,0.7,0.1,0.4
Grilled Sardines,Greek,0.1,0.8,0.6,0.4,0.9,0.2,0.6,0.7,0.4,0.5
Manouri Cheese with Figs,Greek,0.8,0.6,0.3,0.1,0.5,0.1,0.8,0.7,0.4,0.6
Tomato Keftedes,Greek,0.5,0.7,0.5,0.2,0.8,0.2,0.6,0.9,0.8,0.4
Skordalia,Greek,0.1,0.8,0.6,0.3,0.5,0.6,0.7,1.0,0.1,0.3
Zucchini Chips with Skordalia,Greek,0.3,0.7,0.4,0.2,0.5,0.4,0.8,0.8,1.0,0.2
Beet Salad with Skordalia,Greek,0.7,0.6,0.5,0.2,0.4,0.4,0.4,0.7,0.4,0.6
Fava Dip,Greek,0.3,0.7,0.5,0.2,0.7,0.1,0.4,0.8,0.2,0.4
Phyllo Wrapped Shrimp,Greek,0.3,0.7,0.4,0.1,0.9,0.2,0.7,0.6,1.0,0.6
Roasted Cauliflower with Tahini,Greek,0.4,0.6,0.5,0.4,0.7,0.2,0.6,0.8,0.5,0.5
Grilled Quail,Greek,0.2,0.8,0.4,0.3,1.0,0.3,0.6,0.9,0.4,0.8
Lentil Soup (Fakes),Greek,0.2,0.7,0.8,0.2,0.8,0.1,0.4,0.8,0.1,0.5
Spinach and Leek Pie,Greek,0.3,0.7,0.2,0.4,0.6,0.1,0.8,1.0,0.9,0.4
Mussels with Ouzo,Greek,0.4,0.8,0.5,0.2,0.9,0.3,0.5,1.0,0.1,0.7
Fried Eggplant,Greek,0.2,0.6,0.3,0.4,0.7,0.1,0.8,0.5,0.8,0.5
Greek Fries with Oregano and Feta,Greek,0.1,0.9,0.3,0.2,0.6,0.2,0.7,0.9,0.9,0.5
Lamb Riblets,Greek,0.2,0.8,0.4,0.2,1.0,0.3,0.9,0.9,0.5,0.8
Cretan Meat Pies,Greek,0.2,0.8,0.2,0.1,0.9,0.2,0.8,0.8,0.9,0.6
Chickpea Stew,Greek,0.3,0.7,0.4,0.2,0.8,0.1,0.4,0.9,0.1,0.7
Grilled Scallops with Lemon,Greek,0.5,0.7,0.6,0.1,0.9,0.2,0.4,0.7,0.3,0.7
Pastitsio Bites,Greek,0.3,0.8,0.2,0.1,0.9,0.2,0.8,0.8,0.6,0.7
Pickled Octopus,Greek,0.2,0.8,1.0,0.2,0.8,0.2,0.3,0.7,0.2,0.9
Marinated Anchovies,Greek,0.1,1.0,0.9,0.4,0.8,0.2,0.5,0.7,0.1,0.4
Grilled Mushrooms,Greek,0.2,0.7,0.4,0.4,0.9,0.2,0.5,0.9,0.4,0.6
Cucumber Salad,Greek,0.3,0.5,0.7,0.2,0.3,0.1,0.2,0.8,0.9,0.2
Grapefruit and Fennel Salad,Greek,0.7,0.4,0.8,0.5,0.3,0.1,0.3,0.9,0.8,0.4
Assorted Meze Platter,Greek,0.4,0.8,0.7,0.3,0.8,0.3,0.6,1.0,0.7,0.6
Moussaka,Greek,0.3,0.8,0.2,0.4,1.0,0.2,0.9,0.9,0.3,0.8
Lamb Chops (Paidakia),Greek,0.1,0.8,0.5,0.2,1.0,0.3,0.9,1.0,0.5,0.8
Pastitsio,Greek,0.3,0.8,0.1,0.1,0.9,0.2,0.8,0.8,0.2,0.7
Chicken Souvlaki Platter,Greek,0.2,0.7,0.6,0.1,0.8,0.3,0.5,0.9,0.4,0.7
Whole Grilled Branzino,Greek,0.1,0.7,0.8,0.2,0.9,0.1,0.5,0.8,0.5,0.5
Gyro Platter,Greek,0.2,0.9,0.5,0.1,1.0,0.4,0.9,0.9,0.4,0.7
Roasted Lamb Shank (Kleftiko),Greek,0.3,0.8,0.4,0.2,1.0,0.2,0.9,1.0,0.1,0.9
Shrimp Santorinio,Greek,0.5,0.7,0.6,0.2,0.9,0.4,0.6,0.9,0.2,0.6
Pork Souvlaki,Greek,0.2,0.8,0.5,0.1,0.9,0.3,0.7,0.8,0.4,0.7
Bifteki,Greek,0.2,0.8,0.3,0.2,0.9,0.3,0.7,0.9,0.3,0.6
Grilled Swordfish,Greek,0.2,0.7,0.6,0.1,0.9,0.2,0.5,0.7,0.3,0.8
Gemista,Greek,0.6,0.6,0.3,0.2,0.8,0.2,0.5,0.9,0.2,0.6
Youvetsi,Greek,0.3,0.8,0.2,0.1,1.0,0.2,0.7,0.9,0.1,0.8
Grilled Red Snapper,Greek,0.1,0.7,0.8,0.2,0.9,0.1,0.4,0.8,0.5,0.5
Lemon Potatoes with Chicken,Greek,0.2,0.7,0.9,0.1,0.8,0.2,0.6,0.9,0.3,0.6
Sea Bass with Capers and Lemon,Greek,0.1,0.8,0.9,0.3,0.9,0.1,0.5,0.8,0.2,0.5
Lamb Kebabs,Greek,0.2,0.8,0.4,0.3,1.0,0.4,0.7,1.0,0.4,0.8
Rabbit Stifado,Greek,0.5,0.8,0.4,0.3,1.0,0.3,0.6,1.0,0.1,0.9
Beef Stifado,Greek,0.5,0.8,0.4,0.2,1.0,0.3,0.7,1.0,0.1,0.9
Soutzoukakia,Greek,0.4,0.8,0.4,0.2,0.9,0.5,0.6,1.0,0.2,0.7
Spanakorizo,Greek,0.2,0.6,0.5,0.4,0.7,0.1,0.5,0.9,0.1,0.5
Cod with Garlic Sauce,Greek,0.1,0.8,0.6,0.3,0.8,0.7,0.6,0.7,0.8,0.6
Grilled Calamari,Greek,0.2,0.7,0.7,0.2,0.9,0.3,0.4,0.8,0.4,0.9
Roasted Leg of Lamb,Greek,0.2,0.8,0.4,0.2,1.0,0.2,0.8,1.0,0.3,0.9
Baked Fish in Parchment,Greek,0.3,0.7,0.7,0.2,0.9,0.2,0.5,0.9,0.1,0.6
Shrimp Souvlaki,Greek,0.2,0.7,0.6,0.1,0.8,0.3,0.4,0.9,0.4,0.6
Chicken Kapama,Greek,0.5,0.7,0.3,0.1,0.9,0.2,0.6,1.0,0.1,0.7
Lamb Shank with Orzo,Greek,0.3,0.8,0.2,0.1,1.0,0.2,0.8,0.9,0.1,0.8
Eggplant Papoutsakia,Greek,0.4,0.7,0.2,0.4,0.9,0.2,0.8,0.9,0.3,0.7
Grilled Salmon with Herbs,Greek,0.1,0.7,0.6,0.2,0.9,0.1,0.8,0.8,0.4,0.6
Braised Octopus in Red Wine,Greek,0.4,0.8,0.7,0.3,1.0,0.2,0.4,1.0,0.1,0.9
Whole Roasted Dorade,Greek,0.1,0.7,0.8,0.2,0.9,0.1,0.5,0.8,0.5,0.5
Seafood Platter Aegean Style,Greek,0.3,0.9,0.7,0.2,1.0,0.3,0.6,0.9,0.7,0.7
Pork Belly Greek Style,Greek,0.2,0.9,0.3,0.1,1.0,0.3,1.0,0.8,0.9,0.7
Stuffed Squid,Greek,0.3,0.8,0.6,0.2,0.9,0.2,0.5,0.9,0.3,0.8
Veggie Moussaka,Greek,0.4,0.7,0.2,0.4,0.8,0.2,0.7,0.9,0.3,0.7
Swordfish Brochettes,Greek,0.2,0.7,0.6,0.1,0.9,0.2,0.5,0.8,0.4,0.8
Chicken Thighs with Artichokes,Greek,0.3,0.7,0.7,0.4,0.8,0.1,0.6,0.9,0.2,0.6
Mussels with Feta and Tomato,Greek,0.4,0.8,0.6,0.2,0.9,0.4,0.6,0.9,0.1,0.6
Grilled Tuna Steak,Greek,0.1,0.7,0.5,0.2,1.0,0.2,0.6,0.7,0.3,0.8
Lemon Herb Meatballs,Greek,0.2,0.7,0.8,0.1,0.8,0.2,0.6,1.0,0.3,0.6
Braised Short Ribs Greek Style,Greek,0.3,0.9,0.3,0.2,1.0,0.3,0.9,1.0,0.1,0.9
Lobster Pasta,Greek,0.5,0.8,0.4,0.1,1.0,0.3,0.7,0.9,0.3,0.8
Roast Chicken with Herbs and Lemon,Greek,0.2,0.7,0.8,0.1,0.8,0.2,0.6,0.9,0.4,0.6
Grilled Porgy,Greek,0.1,0.7,0.8,0.2,0.9,0.1,0.4,0.8,0.5,0.5
Lamb Loin Chops,Greek,0.1,0.8,0.4,0.2,1.0,0.2,0.8,1.0,0.4,0.8
Veggie Platter (Lahanika),Greek,0.5,0.6,0.4,0.3,0.7,0.1,0.4,0.9,0.4,0.5
Skewered Scallops,Greek,0.5,0.7,0.6,0.1,0.9,0.2,0.4,0.7,0.3,0.6
Baked Branzino with Herbs,Greek,0.1,0.7,0.8,0.2,0.9,0.1,0.5,0.9,0.2,0.5
Mixed Grill Platter,Greek,0.2,0.9,0.5,0.2,1.0,0.5,0.8,1.0,0.6,0.8
Baklava,Greek,1.0,0.1,0.1,0.1,0.2,0.3,0.8,0.9,1.0,0.5
Galaktoboureko,Greek,0.9,0.1,0.2,0.1,0.4,0.1,0.8,0.9,0.7,0.8
Loukoumades,Greek,1.0,0.1,0.1,0.1,0.1,0.2,0.7,0.8,0.6,0.9
Greek Yogurt with Honey & Walnuts,Greek,0.7,0.1,0.6,0.2,0.3,0.1,0.6,0.7,0.6,0.3
Kataifi,Greek,1.0,0.1,0.1,0.1,0.2,0.2,0.7,0.9,1.0,0.6
Rizogalo,Greek,0.7,0.1,0.1,0.1,0.4,0.3,0.5,0.8,0.1,0.5
Karidopita,Greek,0.9,0.1,0.1,0.3,0.3,0.4,0.6,1.0,0.4,0.8
Revani,Greek,0.9,0.1,0.2,0.1,0.2,0.1,0.5,0.8,0.2,0.9
Melomakarona,Greek,0.9,0.1,0.1,0.1,0.2,0.5,0.6,1.0,0.4,0.7
Kourabiedes,Greek,0.7,0.1,0.1,0.1,0.2,0.1,0.8,0.8,0.5,0.4
Bougatsa,Greek,0.8,0.1,0.1,0.1,0.3,0.3,0.7,0.9,0.9,0.6
Ekmek Kataifi,Greek,0.9,0.1,0.1,0.1,0.4,0.1,0.9,0.9,0.8,0.7
Portokalopita,Greek,1.0,0.1,0.6,0.1,0.2,0.1,0.6,1.0,0.2,0.9
Halva,Greek,0.8,0.1,0.1,0.1,0.3,0.3,0.7,0.8,0.4,0.8
Spoon Sweets,Greek,1.0,0.1,0.4,0.1,0.1,0.1,0.1,0.9,0.1,0.9
Samali,Greek,0.9,0.1,0.1,0.1,0.2,0.1,0.5,0.9,0.2,0.9
Mastic Ice Cream,Greek,0.8,0.1,0.1,0.3,0.2,0.1,0.7,1.0,0.1,0.7
Lemon Yogurt Cake,Greek,0.8,0.1,0.7,0.1,0.3,0.1,0.5,0.9,0.2,0.7
Diples,Greek,1.0,0.1,0.1,0.1,0.1,0.2,0.6,0.8,1.0,0.4
Almond Cookies,Greek,0.7,0.1,0.1,0.2,0.4,0.1,0.6,0.9,0.4,0.8
Pistachio Baklava,Greek,1.0,0.1,0.1,0.2,0.3,0.1,0.8,0.9,1.0,0.6
Fig and Honey Cake,Greek,0.9,0.1,0.1,0.2,0.3,0.2,0.5,0.9,0.3,0.8
Honey Cheesecake,Greek,0.8,0.2,0.3,0.1,0.5,0.1,0.9,0.7,0.5,0.9
Chocolate Baklava,Greek,1.0,0.1,0.1,0.4,0.5,0.1,0.9,0.8,1.0,0.6
Tahini Brownies,Greek,0.7,0.2,0.1,0.5,0.5,0.1,0.8,0.6,0.2,0.9
Loukoumi,Greek,1.0,0.1,0.1,0.1,0.1,0.1,0.1,1.0,0.1,1.0
Walnut and Honey Tart,Greek,0.9,0.2,0.1,0.2,0.3,0.3,0.7,0.8,0.8,0.6
Pasteli,Greek,0.8,0.2,0.1,0.2,0.3,0.1,0.6,0.6,1.0,0.7
Apple Phyllo Tart,Greek,0.8,0.1,0.4,0.1,0.2,0.5,0.6,0.9,0.9,0.5
Quince Preserves,Greek,1.0,0.1,0.5,0.2,0.1,0.3,0.1,0.9,0.1,0.9
Semolina Pudding,Greek,0.7,0.1,0.1,0.1,0.3,0.4,0.5,0.8,0.3,0.6
Yogurt Sorbet,Greek,0.7,0.1,0.8,0.1,0.2,0.1,0.2,0.6,0.1,0.1
Dried Figs with Walnuts,Greek,0.8,0.1,0.1,0.2,0.3,0.1,0.4,0.5,0.6,0.9
Cinnamon Rice Cake,Greek,0.7,0.1,0.1,0.1,0.3,0.8,0.4,0.9,0.2,0.7
Phyllo Roses with Syrup,Greek,1.0,0.1,0.1,0.1,0.1,0.1,0.7,0.8,1.0,0.4
Grape Must Pudding,Greek,0.8,0.1,0.4,0.3,0.2,0.2,0.1,0.9,0.3,0.8
Sour Cherry Tart,Greek,0.8,0.1,0.9,0.2,0.2,0.1,0.6,0.7,0.8,0.5
Chocolate Mousse with Olive Oil,Greek,0.8,0.3,0.1,0.5,0.4,0.1,0.9,0.6,0.1,0.3
Greek Coffee Cake,Greek,0.7,0.1,0.1,0.5,0.3,0.4,0.5,1.0,0.3,0.7
Honey Cookies,Greek,0.9,0.1,0.1,0.1,0.2,0.5,0.5,0.9,0.4,0.7
Spiced Poached Figs,Greek,0.9,0.1,0.2,0.2,0.2,0.6,0.2,1.0,0.1,0.9
Pistachio Semolina Cake,Greek,0.9,0.1,0.2,0.1,0.4,0.1,0.6,0.9,0.4,0.8
Greek Fruit Platter with Yogurt,Greek,0.6,0.1,0.6,0.1,0.2,0.1,0.4,0.7,0.5,0.4
Chocolate Salami Greek Style,Greek,0.8,0.2,0.1,0.4,0.4,0.1,0.8,0.7,0.7,0.7
Sesame Brittle,Greek,0.8,0.2,0.1,0.2,0.3,0.1,0.6,0.5,1.0,0.4
Mastic Panna Cotta,Greek,0.7,0.1,0.1,0.3,0.3,0.1,0.8,1.0,0.1,0.4
Orange Semolina Cake,Greek,0.9,0.1,0.7,0.1,0.2,0.1,0.5,1.0,0.2,0.9
Greek Custard Pie,Greek,0.8,0.1,0.2,0.1,0.4,0.3,0.7,0.9,0.7,0.8
Walnut Cake with Syrup,Greek,0.9,0.1,0.1,0.3,0.3,0.5,0.6,1.0,0.4,0.8
Assorted Greek Dessert Platter,Greek,0.9,0.1,0.3,0.2,0.3,0.3,0.7,1.0,0.8,0.7
Calamari Fritti,Italian,0.1,0.7,0.5,0.1,0.8,0.2,0.7,0.4,1.0,0.6
Bruschetta al Pomodoro,Italian,0.4,0.6,0.5,0.1,0.7,0.1,0.4,1.0,0.9,0.3
Arancini,Italian,0.2,0.7,0.1,0.1,0.9,0.2,0.8,0.7,1.0,0.7
Burrata with Prosciutto,Italian,0.2,0.9,0.2,0.1,1.0,0.1,1.0,0.6,0.2,0.8
Caprese Salad,Italian,0.3,0.6,0.4,0.1,0.8,0.1,0.7,0.9,0.2,0.5
Beef Carpaccio,Italian,0.1,0.8,0.6,0.3,1.0,0.3,0.6,0.7,0.3,0.6
Mussels Fra Diavolo,Italian,0.2,0.8,0.5,0.2,0.9,0.9,0.4,0.9,0.1,0.6
Clams Oreganata,Italian,0.2,0.8,0.4,0.2,0.9,0.2,0.5,0.9,0.8,0.5
Polpette,Italian,0.3,0.7,0.3,0.1,1.0,0.3,0.7,0.9,0.3,0.7
Focaccia with Rosemary,Italian,0.2,0.7,0.1,0.2,0.4,0.1,0.5,1.0,0.6,0.8
Fried Zucchini Flowers,Italian,0.3,0.6,0.1,0.2,0.7,0.1,0.8,0.5,0.9,0.4
Grilled Octopus,Italian,0.2,0.7,0.6,0.3,1.0,0.2,0.4,0.7,0.4,0.9
Tuna Tartare,Italian,0.2,0.7,0.7,0.2,0.9,0.3,0.4,0.6,0.2,0.4
Eggplant Rollatini,Italian,0.4,0.7,0.3,0.3,0.9,0.2,0.8,0.8,0.3,0.7
Prosciutto e Melone,Italian,1.0,0.9,0.2,0.1,0.8,0.1,0.6,0.5,0.2,0.7
Garlic Knots,Italian,0.2,0.8,0.1,0.1,0.5,0.3,0.6,1.0,0.5,0.8
Fried Smelts,Italian,0.1,0.9,0.5,0.4,0.9,0.2,0.6,0.3,1.0,0.4
Grilled Artichokes,Italian,0.2,0.6,0.5,0.6,0.7,0.1,0.5,0.8,0.5,0.7
Crostini di Fegato,Italian,0.2,0.8,0.3,0.5,1.0,0.2,0.8,0.7,0.8,0.6
Stuffed Cherry Peppers,Italian,0.3,0.9,0.7,0.2,0.8,0.8,0.7,0.7,0.4,0.7
Shrimp Scampi Appetizer,Italian,0.2,0.8,0.7,0.1,0.9,0.5,0.8,1.0,0.2,0.6
Mozzarella in Carrozza,Italian,0.1,0.8,0.2,0.1,0.8,0.1,1.0,0.4,0.9,0.9
Roasted Peppers with Anchovies,Italian,0.6,0.9,0.5,0.3,0.9,0.2,0.5,0.7,0.2,0.6
Panzanella Salad,Italian,0.4,0.7,0.8,0.2,0.6,0.1,0.5,0.9,0.6,0.5
Vitello Tonnato,Italian,0.2,0.8,0.6,0.2,1.0,0.1,0.8,0.6,0.1,0.7
Minestrone Soup,Italian,0.3,0.6,0.2,0.3,0.7,0.1,0.3,0.9,0.2,0.6
Pasta e Fagioli,Italian,0.2,0.7,0.1,0.2,0.9,0.2,0.5,0.8,0.1,0.8
Scamorza Affumicata,Italian,0.1,0.8,0.2,0.3,0.9,0.1,0.9,0.7,0.3,0.9
Baccala Mantecato,Italian,0.2,0.9,0.3,0.1,0.9,0.1,0.8,0.6,0.7,0.5
Suppli al Telefono,Italian,0.2,0.7,0.1,0.1,0.9,0.2,0.8,0.7,1.0,0.8
Spiedini alla Romana,Italian,0.1,0.9,0.2,0.1,0.9,0.1,0.9,0.6,0.7,0.8
Escarole and Beans,Italian,0.1,0.7,0.2,0.6,0.7,0.4,0.4,0.9,0.2,0.6
Marinated Olives,Italian,0.1,0.9,0.7,0.6,0.4,0.2,0.7,0.8,0.2,0.5
White Bean Dip with Crostini,Italian,0.2,0.6,0.4,0.2,0.6,0.2,0.5,0.8,0.8,0.4
Grilled Scallops with Lemon,Italian,0.5,0.7,0.7,0.1,0.9,0.2,0.4,0.7,0.3,0.7
Truffle Arancini,Italian,0.2,0.7,0.1,0.3,1.0,0.1,0.9,1.0,1.0,0.7
Culatello with Figs,Italian,0.9,0.9,0.2,0.2,0.9,0.1,0.7,0.6,0.2,0.8
Bresaola with Arugula,Italian,0.1,0.8,0.6,0.6,0.9,0.2,0.4,0.7,0.3,0.7
Fontina Fonduta,Italian,0.2,0.8,0.1,0.2,0.9,0.1,1.0,0.7,0.6,0.8
Fried Olives All'Ascolana,Italian,0.1,0.9,0.5,0.4,0.9,0.3,0.7,0.7,1.0,0.6
Caponata Siciliana,Italian,0.7,0.6,0.7,0.4,0.8,0.2,0.6,0.9,0.4,0.7
Panelle,Italian,0.2,0.7,0.2,0.2,0.5,0.1,0.6,0.5,0.9,0.5
Steamed Cockles,Italian,0.3,0.8,0.6,0.1,0.9,0.4,0.4,0.9,0.2,0.6
Lobster Ravioli Appetizer,Italian,0.5,0.7,0.2,0.1,1.0,0.2,0.8,0.2,0.7,
Shishito Peppers with Parmesan,Italian,0.3,0.8,0.2,0.4,0.7,0.6,0.4,0.6,0.5,0.5
Polenta Fries,Italian,0.3,0.7,0.1,0.1,0.6,0.2,0.6,0.5,1.0,0.5
Sardines in Saor,Italian,0.7,0.8,0.9,0.4,0.9,0.2,0.6,0.9,0.4,0.7
Stracciatella Soup,Italian,0.1,0.7,0.1,0.2,0.8,0.1,0.5,0.6,0.1,0.4
Roasted Garlic with Ricotta,Italian,0.6,0.5,0.1,0.2,0.8,0.1,0.8,1.0,0.1,0.3
Antipasto Misto Platter,Italian,0.4,0.9,0.7,0.3,0.9,0.4,0.7,1.0,0.7,0.7
Lasagna Bolognese,Italian,0.3,0.8,0.2,0.1,1.0,0.1,0.8,0.8,0.3,0.8
Spaghetti Carbonara,Italian,0.2,0.9,0.1,0.1,1.0,0.3,0.9,0.6,0.4,0.7
Chicken Parmigiana,Italian,0.4,0.8,0.4,0.1,0.9,0.2,0.8,0.7,0.8,0.7
Fettuccine Alfredo,Italian,0.3,0.7,0.1,0.1,0.9,0.1,1.0,0.5,0.1,0.6
Veal Marsala,Italian,0.6,0.7,0.2,0.3,1.0,0.1,0.7,0.9,0.1,0.7
Osso Buco,Italian,0.3,0.8,0.3,0.2,1.0,0.1,0.9,1.0,0.1,0.9
Eggplant Parmigiana,Italian,0.4,0.8,0.4,0.3,0.9,0.2,0.7,0.9,0.4,0.7
Penne alla Vodka,Italian,0.4,0.7,0.3,0.1,0.8,0.4,0.8,0.6,0.1,0.6
Rigatoni Amatriciana,Italian,0.3,0.9,0.4,0.1,1.0,0.6,0.7,0.7,0.2,0.8
Linguine alle Vongole,Italian,0.2,0.9,0.6,0.1,0.9,0.4,0.5,0.9,0.2,0.7
Chicken Piccata,Italian,0.2,0.8,0.9,0.2,0.8,0.2,0.6,0.9,0.3,0.6
Saltimbocca alla Romana,Italian,0.2,1.0,0.4,0.3,1.0,0.2,0.7,1.0,0.3,0.8
Risotto alla Milanese,Italian,0.3,0.7,0.1,0.1,0.9,0.1,0.8,1.0,0.1,0.7
Pappardelle with Wild Boar Ragu,Italian,0.3,0.8,0.2,0.3,1.0,0.3,0.7,0.9,0.1,0.9
Gnocchi Sorrento,Italian,0.3,0.7,0.4,0.1,0.9,0.1,0.8,1.0,0.1,0.9
Lobster Fra Diavolo,Italian,0.4,0.8,0.5,0.1,1.0,0.9,0.6,0.9,0.3,0.7
Veal Milanese,Italian,0.1,0.8,0.5,0.1,0.9,0.1,0.7,0.5,1.0,0.7
Branzino al Forno,Italian,0.1,0.7,0.7,0.2,0.9,0.1,0.5,0.9,0.5,0.5
Cacio e Pepe,Italian,0.1,0.9,0.1,0.2,1.0,0.8,0.7,0.6,0.1,0.8
Bucatini all'Amatriciana,Italian,0.3,0.9,0.4,0.1,1.0,0.6,0.7,0.7,0.2,0.9
Chicken Marsala,Italian,0.6,0.7,0.2,0.3,0.9,0.1,0.6,0.9,0.1,0.6
Seafood Cioppino,Italian,0.4,0.8,0.6,0.1,1.0,0.5,0.5,1.0,0.2,0.6
Pork Osso Buco,Italian,0.3,0.8,0.3,0.2,1.0,0.1,0.8,1.0,0.1,0.9
Tortellini in Brodo,Italian,0.2,0.8,0.1,0.1,0.9,0.1,0.5,0.8,0.1,0.7
Tagliatelle al Tartufo,Italian,0.2,0.7,0.1,0.3,1.0,0.1,0.9,1.0,0.1,0.8
Bistecca alla Fiorentina,Italian,0.1,0.9,0.1,0.2,1.0,0.2,0.9,0.7,0.4,0.9
Shrimp Fra Diavolo,Italian,0.3,0.8,0.5,0.1,0.9,1.0,0.6,0.9,0.3,0.6
Veal Saltimbocca,Italian,0.2,1.0,0.4,0.3,1.0,0.2,0.7,1.0,0.3,0.8
Manicotti,Italian,0.4,0.7,0.3,0.1,0.9,0.1,0.8,0.8,0.2,0.8
Baked Ziti,Italian,0.4,0.8,0.4,0.1,0.9,0.2,0.8,0.7,0.4,0.7
Lobster Risotto,Italian,0.5,0.8,0.3,0.1,1.0,0.2,0.9,0.9,0.1,0.7
Ravioli di Zucca,Italian,0.9,0.5,0.2,0.2,0.7,0.3,0.8,1.0,0.3,0.7
Spaghetti alle Vongole,Italian,0.2,0.9,0.6,0.1,0.9,0.5,0.5,1.0,0.2,0.7
Cavatelli with Sausage & Broccoli Rabe,Italian,0.2,0.8,0.2,0.7,1.0,0.6,0.7,0.9,0.3,0.8
Salmon with Pesto,Italian,0.2,0.7,0.3,0.3,0.9,0.1,0.9,1.0,0.4,0.6
Veal Chop Valdostana,Italian,0.2,0.8,0.2,0.1,1.0,0.1,1.0,0.7,0.4,0.9
Pork Milanese,Italian,0.1,0.8,0.5,0.1,0.9,0.1,0.7,0.5,1.0,0.7
Orecchiette with Sausage & Broccoli Rabe,Italian,0.2,0.8,0.2,0.7,1.0,0.6,0.7,0.9,0.2,0.8
Chicken Francese,Italian,0.3,0.7,1.0,0.1,0.8,0.1,0.7,0.9,0.3,0.6
Short Rib Pappardelle,Italian,0.3,0.9,0.2,0.2,1.0,0.3,0.9,0.9,0.1,0.9
Linguine Pescatore,Italian,0.3,0.9,0.6,0.1,1.0,0.5,0.5,1.0,0.3,0.7
Mushroom Risotto,Italian,0.2,0.7,0.1,0.4,1.0,0.1,0.8,1.0,0.1,0.7
Veal Piccata,Italian,0.2,0.8,0.9,0.2,0.8,0.2,0.6,0.9,0.2,0.7
Rack of Lamb with Rosemary,Italian,0.1,0.8,0.3,0.3,1.0,0.2,0.8,1.0,0.4,0.8
Spaghetti Pomodoro,Italian,0.5,0.6,0.5,0.1,0.8,0.2,0.4,1.0,0.1,0.7
Braised Rabbit,Italian,0.4,0.7,0.3,0.3,1.0,0.2,0.5,1.0,0.1,0.9
Egg Yolk Raviolo,Italian,0.4,0.7,0.1,0.1,1.0,0.2,1.0,0.9,0.1,0.8
Mafalde with Sunday Sauce,Italian,0.4,0.8,0.3,0.1,1.0,0.3,0.8,0.9,0.2,0.8
Branzino al Cartoccio,Italian,0.2,0.7,0.8,0.2,0.9,0.1,0.5,1.0,0.1,0.6
Veal Chop Parmigiana,Italian,0.3,0.9,0.4,0.1,1.0,0.2,0.9,0.7,0.8,0.9
Tiramisu,Italian,0.9,0.1,0.1,0.6,0.3,0.1,0.9,1.0,0.2,0.6
Cannoli,Italian,0.8,0.2,0.1,0.1,0.3,0.1,0.7,0.8,1.0,0.5
Panna Cotta,Italian,0.7,0.1,0.2,0.1,0.2,0.1,0.9,0.7,0.1,0.4
Affogato al Caffe,Italian,0.6,0.1,0.1,1.0,0.2,0.1,0.7,0.9,0.2,0.2
Gelato,Italian,0.8,0.1,0.2,0.1,0.2,0.1,0.7,0.8,0.1,0.3
Zeppole,Italian,0.9,0.1,0.1,0.1,0.1,0.1,0.8,0.6,0.5,0.9
Ricotta Cheesecake,Italian,0.7,0.2,0.3,0.1,0.4,0.1,0.8,0.7,0.4,0.8
Warm Chocolate Budino,Italian,0.9,0.2,0.1,0.5,0.4,0.1,0.9,0.8,0.1,0.5
Lemon Sorbetto,Italian,0.7,0.1,1.0,0.1,0.1,0.1,0.1,0.9,0.3,0.1
Chocolate Budino,Italian,0.8,0.2,0.1,0.6,0.4,0.1,0.9,0.7,0.1,0.4
Biscotti,Italian,0.6,0.2,0.1,0.2,0.2,0.1,0.4,0.8,1.0,0.3
Semifreddo,Italian,0.8,0.1,0.2,0.1,0.3,0.1,0.9,0.8,0.3,0.5
Flourless Chocolate Cake,Italian,0.8,0.2,0.1,0.7,0.4,0.1,1.0,0.7,0.2,0.8
Amaretti Cookies,Italian,0.7,0.1,0.1,0.5,0.3,0.1,0.5,1.0,0.7,0.6
Panettone Bread Pudding,Italian,0.8,0.2,0.2,0.1,0.3,0.3,0.7,0.9,0.4,0.8
Torrone,Italian,1.0,0.1,0.1,0.1,0.2,0.1,0.5,0.7,0.9,1.0
Zabaglione with Berries,Italian,0.8,0.1,0.4,0.2,0.3,0.1,0.6,1.0,0.1,0.3
Sfogliatella,Italian,0.7,0.2,0.2,0.1,0.3,0.1,0.7,0.8,1.0,0.6
Crostata di Frutta,Italian,0.8,0.1,0.5,0.1,0.2,0.1,0.6,0.7,0.7,0.5
Espresso Martini Mousse,Italian,0.8,0.1,0.1,0.9,0.3,0.1,0.8,1.0,0.1,0.4
Struffoli,Italian,1.0,0.1,0.1,0.1,0.1,0.1,0.6,0.6,0.8,0.7
Cassata Siciliana,Italian,1.0,0.1,0.2,0.1,0.3,0.1,0.7,0.9,0.2,0.8
Bomboloni,Italian,0.9,0.1,0.1,0.1,0.1,0.1,0.8,0.7,0.4,0.9
Budino di Riso,Italian,0.7,0.1,0.2,0.1,0.4,0.3,0.5,0.8,0.1,0.7
Ricotta Pie,Italian,0.7,0.2,0.2,0.1,0.4,0.2,0.6,0.8,0.3,0.8
Olive Oil Cake,Italian,0.7,0.3,0.2,0.2,0.3,0.1,0.8,0.9,0.3,0.7
Limoncello Cake,Italian,0.9,0.1,0.6,0.1,0.2,0.1,0.6,1.0,0.2,0.8
Mascarpone Cream with Berries,Italian,0.8,0.1,0.4,0.1,0.4,0.1,1.0,0.7,0.1,0.3
Nutella Crepes,Italian,1.0,0.2,0.1,0.2,0.3,0.1,0.9,0.6,0.2,0.9
Pistachio Semifreddo,Italian,0.8,0.2,0.1,0.1,0.4,0.1,0.9,0.9,0.4,0.5
Cantucci,Italian,0.6,0.2,0.1,0.2,0.2,0.1,0.4,0.8,1.0,0.3
Spumoni,Italian,0.9,0.1,0.2,0.1,0.2,0.1,0.7,0.8,0.3,0.3
Chocolate Tartufo,Italian,0.9,0.1,0.1,0.5,0.3,0.1,0.9,0.7,0.6,0.4
Zuppa Inglese,Italian,0.9,0.1,0.1,0.1,0.3,0.2,0.7,0.9,0.2,0.8
Poached Pears in Red Wine,Italian,0.8,0.1,0.4,0.3,0.2,0.4,0.1,1.0,0.1,0.8
Fig and Walnut Tart,Italian,0.9,0.2,0.1,0.2,0.3,0.2,0.6,0.8,0.8,0.6
Almond Cake,Italian,0.7,0.1,0.1,0.2,0.3,0.1,0.6,0.9,0.3,0.8
Pizzelle,Italian,0.7,0.1,0.1,0.1,0.1,0.4,0.4,0.9,1.0,0.2
Crema di Mascarpone,Italian,0.9,0.1,0.1,0.1,0.5,0.1,1.0,0.8,0.1,0.3
Baci di Dama,Italian,0.8,0.1,0.1,0.3,0.3,0.1,0.7,0.9,0.8,0.6
Mimosa Cake,Italian,0.8,0.1,0.1,0.1,0.2,0.1,0.6,0.8,0.2,0.8
Honey Balsamic Strawberries,Italian,0.8,0.3,0.8,0.1,0.2,0.1,0.1,0.9,0.2,0.4
Chocolate Salame,Italian,0.8,0.2,0.1,0.4,0.4,0.1,0.8,0.7,0.7,0.7
Ciambellone,Italian,0.7,0.1,0.2,0.1,0.2,0.1,0.5,0.8,0.3,0.8
Frittelle,Italian,0.9,0.1,0.2,0.1,0.1,0.1,0.7,0.7,0.6,0.9
Peach and Amaretti Crumble,Italian,0.8,0.1,0.4,0.3,0.2,0.2,0.5,0.9,0.9,0.6
Hazelnut Tart,Italian,0.9,0.2,0.1,0.2,0.3,0.1,0.8,0.9,0.8,0.6
Torta della Nonna,Italian,0.8,0.2,0.2,0.1,0.4,0.1,0.7,0.9,0.5,0.7
Crema Carsolina,Italian,0.9,0.1,0.1,0.1,0.4,0.1,0.8,0.8,0.6,0.8
Chocolate Budino Dark,Italian,0.7,0.3,0.1,1.0,0.5,0.1,0.9,0.8,0.1,0.4
Guacamole with Warm Tortilla Chips,Mexican,0.2,0.7,0.6,0.1,0.6,0.3,0.9,0.7,0.9,0.3
Queso Fundido with Chorizo,Mexican,0.1,0.9,0.2,0.1,0.9,0.6,1.0,0.8,0.3,0.8
Ceviche Blanco,Mexican,0.3,0.8,1.0,0.1,0.8,0.5,0.2,0.9,0.4,0.6
Esquites,Mexican,0.5,0.7,0.7,0.1,0.7,0.5,0.6,0.8,0.4,0.6
Shrimp Aguachile,Mexican,0.2,0.8,1.0,0.2,0.9,0.9,0.2,1.0,0.3,0.6
Nachos Supreme,Mexican,0.2,0.9,0.3,0.1,0.8,0.5,0.8,0.6,1.0,0.5
Quesadilla de Flor de Calabaza,Mexican,0.3,0.6,0.2,0.4,0.7,0.2,0.7,0.9,0.4,0.7
Chilaquiles Verdes,Mexican,0.2,0.8,0.8,0.2,0.7,0.7,0.6,0.9,0.5,0.6
Beef Flautas,Mexican,0.1,0.7,0.3,0.1,0.8,0.4,0.8,0.6,1.0,0.6
Chicken Taquitos,Mexican,0.1,0.7,0.3,0.1,0.7,0.4,0.7,0.6,1.0,0.6
Gorditas,Mexican,0.2,0.7,0.3,0.1,0.8,0.4,0.7,0.7,0.5,0.9
Sopes de Chorizo,Mexican,0.2,0.8,0.4,0.1,0.9,0.6,0.8,0.8,0.5,0.9
Tostadas de Tinga,Mexican,0.3,0.8,0.6,0.2,0.9,0.7,0.6,0.9,0.9,0.5
Tuna Tostada,Mexican,0.3,0.7,0.7,0.2,1.0,0.5,0.4,0.8,0.9,0.4
Sopa de Lima,Mexican,0.2,0.7,1.0,0.2,0.8,0.4,0.3,1.0,0.3,0.4
Tortilla Soup,Mexican,0.3,0.8,0.6,0.2,0.9,0.6,0.5,1.0,0.7,0.4
Elote,Mexican,0.6,0.7,0.6,0.1,0.6,0.5,0.8,0.8,0.6,0.6
Carne Asada Fries,Mexican,0.1,0.9,0.3,0.1,1.0,0.4,0.9,0.7,0.6,0.6
Camarones al Mojo de Ajo,Mexican,0.2,0.8,0.7,0.1,0.9,0.4,0.8,1.0,0.3,0.6
Tamales (Chicken/Pork),Mexican,0.3,0.7,0.2,0.1,0.8,0.4,0.7,0.9,0.1,0.9
Octopus Tostada,Mexican,0.2,0.8,0.7,0.3,1.0,0.5,0.4,0.8,0.9,0.9
Empanadas de Carne,Mexican,0.2,0.7,0.2,0.1,0.8,0.4,0.7,0.6,0.8,0.6
Jalapeño Poppers,Mexican,0.3,0.8,0.4,0.2,0.6,1.0,0.9,0.5,0.9,0.7
Tlacoyos,Mexican,0.2,0.7,0.3,0.1,0.7,0.3,0.5,0.8,0.4,1.0
Shrimp Cocktail (Mexican),Mexican,0.6,0.8,0.8,0.1,0.9,0.5,0.2,0.8,0.3,0.6
Queso Panela Grilled,Mexican,0.2,0.8,0.4,0.1,0.7,0.4,0.6,0.7,0.4,0.9
Chorizo Mussels,Mexican,0.2,0.9,0.5,0.2,0.9,0.7,0.7,0.9,0.2,0.6
Crispy Potato Tacos,Mexican,0.2,0.7,0.3,0.1,0.6,0.4,0.7,0.6,1.0,0.7
Scallop Aguachile,Mexican,0.4,0.7,1.0,0.1,0.9,0.9,0.2,1.0,0.3,0.6
Pickled Vegetables (Escabeche),Mexican,0.3,0.8,1.0,0.4,0.2,0.6,0.1,0.9,0.9,0.4
Fried Calamari Mexican Style,Mexican,0.2,0.8,0.6,0.1,0.8,0.5,0.7,0.6,1.0,0.6
Mole Fries,Mexican,0.4,0.8,0.2,0.5,0.9,0.6,0.8,1.0,0.6,0.5
Chicharrones with Salsa,Mexican,0.1,0.9,0.5,0.2,0.7,0.6,1.0,0.5,1.0,0.4
Black Bean Soup,Mexican,0.3,0.7,0.2,0.2,0.8,0.4,0.4,0.8,0.2,0.6
Crab Salpicon,Mexican,0.4,0.7,0.8,0.1,0.9,0.4,0.3,0.9,0.5,0.5
Fried Avocado,Mexican,0.2,0.6,0.3,0.1,0.6,0.2,1.0,0.4,0.9,0.7
Shishito Peppers with Lime,Mexican,0.3,0.8,0.7,0.4,0.6,0.6,0.4,0.7,0.5,0.5
Mini Chimichangas,Mexican,0.2,0.8,0.3,0.1,0.8,0.4,0.8,0.6,1.0,0.6
Salsa Flight with Chips,Mexican,0.4,0.8,0.7,0.2,0.6,0.8,0.1,1.0,1.0,0.1
Beef Negimaki Mexican Style,Mexican,0.3,0.8,0.4,0.2,0.9,0.5,0.6,0.8,0.4,0.7
Grilled Queso Blanco,Mexican,0.1,0.8,0.3,0.1,0.7,0.2,0.7,0.5,0.5,1.0
Picadillo Empanadas,Mexican,0.4,0.7,0.3,0.1,0.8,0.4,0.6,0.8,0.8,0.6
Fried Plantains,Mexican,1.0,0.4,0.1,0.1,0.2,0.1,0.6,0.7,0.6,0.8
Bean and Cheese Dip,Mexican,0.2,0.8,0.2,0.1,0.7,0.3,0.8,0.5,0.3,0.5
Salmon Crudo with Habanero,Mexican,0.3,0.7,0.9,0.1,0.9,1.0,0.6,0.9,0.2,0.6
Shrimp Flautas,Mexican,0.2,0.7,0.4,0.1,0.9,0.4,0.7,0.6,1.0,0.6
Duck Confit Tostada,Mexican,0.3,0.8,0.6,0.2,1.0,0.5,0.8,0.9,0.9,0.7
Mushroom Quesadilla,Mexican,0.2,0.7,0.2,0.4,0.9,0.3,0.7,0.9,0.4,0.7
Mole Poblano Wings,Mexican,0.5,0.7,0.2,0.6,1.0,0.7,0.8,1.0,0.8,0.7
Assorted Antojitos Platter,Mexican,0.4,0.8,0.6,0.3,0.9,0.7,0.7,1.0,0.8,0.7
Carne Asada,Mexican,0.1,0.8,0.4,0.2,1.0,0.3,0.7,0.9,0.3,0.9
Chicken Mole Poblano,Mexican,0.6,0.7,0.2,0.7,1.0,0.6,0.8,1.0,0.2,0.6
Enchiladas Suizas,Mexican,0.3,0.8,0.7,0.1,0.8,0.5,0.9,0.8,0.1,0.7
Carnitas Platter,Mexican,0.2,0.8,0.4,0.1,1.0,0.2,1.0,0.7,0.6,0.8
Steak Fajitas,Mexican,0.3,0.8,0.5,0.2,0.9,0.5,0.7,1.0,0.5,0.8
Chicken Fajitas,Mexican,0.3,0.7,0.5,0.1,0.8,0.4,0.6,0.9,0.5,0.7
Shrimp Fajitas,Mexican,0.3,0.7,0.6,0.1,0.9,0.4,0.5,0.9,0.4,0.6
Tacos al Pastor Platter,Mexican,0.6,0.8,0.6,0.1,0.9,0.7,0.7,0.9,0.3,0.7
Chile Relleno,Mexican,0.2,0.8,0.2,0.5,0.8,0.4,0.9,0.7,0.4,0.8
Fish Tacos Ensenada Style,Mexican,0.3,0.7,0.7,0.1,0.8,0.5,0.7,0.6,0.9,0.5
Birria Tacos with Consomé,Mexican,0.2,0.9,0.5,0.2,1.0,0.8,0.9,1.0,0.6,0.8
Cochinita Pibil,Mexican,0.4,0.8,0.9,0.2,0.9,0.6,0.8,1.0,0.1,0.9
Barbacoa,Mexican,0.2,0.8,0.3,0.2,1.0,0.5,0.9,1.0,0.1,0.9
Camarones a la Diabla,Mexican,0.4,0.8,0.5,0.1,0.9,1.0,0.6,0.8,0.2,0.6
Red Snapper Veracruz,Mexican,0.4,0.9,0.7,0.3,0.9,0.4,0.5,0.9,0.3,0.5
Pozole Rojo,Mexican,0.2,0.9,0.6,0.2,1.0,0.7,0.7,1.0,0.4,0.7
Chile en Nogada,Mexican,0.8,0.6,0.3,0.4,0.7,0.3,0.8,1.0,0.5,0.7
Pollo Asado,Mexican,0.2,0.8,0.5,0.2,0.9,0.4,0.6,0.9,0.4,0.7
Tampiqueña Steak,Mexican,0.2,0.9,0.4,0.2,1.0,0.5,0.8,0.9,0.4,0.9
Enchiladas Rojas,Mexican,0.3,0.8,0.4,0.4,0.9,0.7,0.7,0.8,0.1,0.7
Enchiladas de Mole,Mexican,0.6,0.7,0.2,0.7,1.0,0.6,0.8,1.0,0.1,0.7
Pork Belly in Salsa Verde,Mexican,0.2,0.8,0.9,0.2,1.0,0.7,1.0,0.9,0.6,0.8
Short Rib en Mole,Mexican,0.5,0.8,0.2,0.7,1.0,0.6,1.0,1.0,0.1,1.0
Bistec a la Mexicana,Mexican,0.3,0.8,0.5,0.1,0.9,0.6,0.6,0.8,0.2,0.8
Grilled Salmon with Mango Salsa,Mexican,0.8,0.6,0.7,0.1,0.9,0.4,0.7,0.9,0.5,0.6
Lobster Tacos,Mexican,0.4,0.7,0.6,0.1,0.9,0.4,0.7,0.8,0.5,0.7
Duck Mole,Mexican,0.6,0.7,0.2,0.6,1.0,0.5,0.9,1.0,0.3,0.8
Shrimp al Mojo de Ajo Main,Mexican,0.2,0.8,0.7,0.1,0.9,0.4,0.8,1.0,0.2,0.6
Pollo con Crema,Mexican,0.3,0.7,0.2,0.1,0.8,0.3,0.9,0.7,0.1,0.6
Seafood Enchiladas,Mexican,0.4,0.8,0.5,0.1,1.0,0.4,0.8,0.8,0.1,0.7
Veggie Fajitas,Mexican,0.4,0.7,0.5,0.2,0.6,0.4,0.5,1.0,0.6,0.5
Mushroom Enchiladas,Mexican,0.3,0.7,0.4,0.4,0.9,0.5,0.6,0.9,0.1,0.7
Tacos de Lengua,Mexican,0.1,0.8,0.4,0.2,1.0,0.5,0.9,0.7,0.3,1.0
Braised Pork Ribs in Adobo,Mexican,0.4,0.9,0.6,0.3,1.0,0.8,0.9,1.0,0.2,0.9
Grilled Octopus with Chorizo,Mexican,0.2,0.9,0.6,0.3,1.0,0.7,0.7,0.9,0.5,0.9
Crispy Beef Tacos,Mexican,0.2,0.8,0.3,0.1,0.8,0.5,0.7,0.5,1.0,0.6
Mixed Grill Parrillada,Mexican,0.2,0.9,0.5,0.2,1.0,0.6,0.9,1.0,0.5,0.9
Snapper with Garlic Sauce,Mexican,0.1,0.8,0.7,0.1,0.9,0.3,0.6,1.0,0.3,0.5
Pork Adobo,Mexican,0.3,0.8,0.7,0.3,0.9,0.8,0.7,0.9,0.1,0.8
Chicken Flautas Main,Mexican,0.1,0.7,0.3,0.1,0.7,0.4,0.7,0.6,1.0,0.6
Grilled Swordfish with Lime,Mexican,0.1,0.7,0.9,0.2,0.9,0.2,0.5,0.9,0.3,0.8
Lamb Chops with Salsa Verde,Mexican,0.1,0.8,0.8,0.3,1.0,0.6,0.8,1.0,0.4,0.8
Roasted Cauliflower with Mole,Mexican,0.6,0.6,0.2,0.6,0.8,0.5,0.7,1.0,0.5,0.6
Beef Burrito Gigante,Mexican,0.2,0.8,0.3,0.1,0.9,0.5,0.8,0.6,0.3,0.8
Chimichanga Supreme,Mexican,0.2,0.8,0.3,0.1,0.8,0.4,0.9,0.6,1.0,0.7
Vegetable Enchiladas,Mexican,0.4,0.7,0.4,0.2,0.7,0.5,0.6,0.8,0.1,0.6
Grilled Branzino Mexican Style,Mexican,0.1,0.7,0.8,0.2,0.9,0.3,0.5,1.0,0.4,0.5
Crab Meat Enchiladas,Mexican,0.5,0.7,0.5,0.1,1.0,0.3,0.7,0.8,0.1,0.6
Seafood Paella Mexican Style,Mexican,0.4,0.8,0.5,0.2,1.0,0.5,0.6,1.0,0.4,0.7
Tostada Tower,Mexican,0.4,0.8,0.7,0.2,0.9,0.6,0.6,0.9,1.0,0.6
Churros with Chocolate Sauce,Mexican,1.0,0.2,0.1,0.3,0.1,0.2,0.8,0.9,1.0,0.6
Tres Leches Cake,Mexican,1.0,0.1,0.1,0.1,0.3,0.1,0.9,0.7,0.1,0.8
Flan,Mexican,0.9,0.1,0.1,0.2,0.2,0.1,0.7,0.8,0.1,0.4
Sopapillas with Honey,Mexican,0.9,0.2,0.1,0.1,0.1,0.1,0.7,0.6,0.9,0.7
Fried Ice Cream,Mexican,0.9,0.2,0.1,0.1,0.2,0.1,0.9,0.6,1.0,0.4
Chocoflan,Mexican,0.9,0.1,0.1,0.4,0.3,0.1,0.8,0.8,0.1,0.7
Arroz con Leche,Mexican,0.8,0.1,0.1,0.1,0.3,0.4,0.5,0.9,0.1,0.6
Buñuelos,Mexican,0.9,0.1,0.1,0.1,0.1,0.3,0.6,0.8,1.0,0.2
Dulce de Leche Cheesecake,Mexican,1.0,0.3,0.1,0.1,0.4,0.1,1.0,0.7,0.4,0.9
Mexican Hot Chocolate Lava Cake,Mexican,0.9,0.2,0.1,0.6,0.3,0.5,0.9,1.0,0.3,0.7
Pastel de Elote,Mexican,0.7,0.3,0.1,0.1,0.4,0.1,0.6,0.7,0.2,0.9
Coconut Flan,Mexican,0.9,0.1,0.1,0.1,0.2,0.1,0.8,0.9,0.3,0.4
Mango Sorbet with Chamoy,Mexican,0.8,0.4,0.9,0.1,0.2,0.7,0.1,0.8,0.2,0.1
Cajeta Crepes,Mexican,1.0,0.3,0.1,0.1,0.3,0.1,0.8,0.7,0.2,0.9
Tequila Lime Pie,Mexican,0.8,0.2,0.9,0.1,0.1,0.1,0.7,0.8,0.5,0.6
Guava Empanadas,Mexican,0.9,0.2,0.5,0.1,0.1,0.1,0.6,0.8,0.8,0.7
Chocolate Chili Tart,Mexican,0.8,0.2,0.1,0.7,0.3,0.8,0.8,0.9,0.6,0.5
Fried Plantains with Ice Cream,Mexican,1.0,0.2,0.1,0.1,0.2,0.1,0.8,0.6,0.4,0.8
Churro Sundae,Mexican,1.0,0.2,0.1,0.1,0.2,0.2,0.9,0.8,0.8,0.6
Mexican Wedding Cookies,Mexican,0.6,0.1,0.1,0.1,0.2,0.1,0.7,0.7,0.5,0.4
Natillas,Mexican,0.8,0.1,0.1,0.1,0.3,0.5,0.6,0.9,0.1,0.3
Kahlua Bread Pudding,Mexican,0.8,0.2,0.1,0.5,0.3,0.3,0.7,0.9,0.3,0.8
Mezcal Poached Pears,Mexican,0.7,0.1,0.3,0.4,0.2,0.2,0.1,1.0,0.1,0.8
Cinnamon Sugar Tortillas,Mexican,0.9,0.1,0.1,0.1,0.1,0.5,0.5,0.8,1.0,0.3
Apple Chimichangas,Mexican,0.9,0.2,0.4,0.1,0.2,0.4,0.7,0.8,1.0,0.7
Passion Fruit Tart,Mexican,0.8,0.2,0.9,0.2,0.1,0.1,0.6,0.9,0.7,0.5
Strawberry Tamales,Mexican,0.7,0.2,0.3,0.1,0.3,0.1,0.6,0.8,0.1,0.9
Horchata Panna Cotta,Mexican,0.8,0.1,0.1,0.1,0.2,0.5,0.8,1.0,0.1,0.4
Pumpkin Flan,Mexican,0.8,0.2,0.1,0.2,0.4,0.6,0.7,0.9,0.1,0.4
Chocolate Avocado Mousse,Mexican,0.7,0.2,0.1,0.5,0.4,0.1,0.9,0.6,0.1,0.3
Churro Cheesecake,Mexican,0.9,0.3,0.1,0.1,0.4,0.4,0.9,0.8,0.8,0.9
Dulce de Leche Cookies,Mexican,0.9,0.3,0.1,0.1,0.3,0.1,0.7,0.6,0.4,0.8
Lime Tart,Mexican,0.7,0.2,1.0,0.1,0.1,0.1,0.6,0.9,0.7,0.5
Hibiscus Granita,Mexican,0.6,0.1,0.9,0.4,0.1,0.1,0.1,1.0,0.4,0.1
Caramelized Peaches with Cream,Mexican,0.9,0.1,0.3,0.1,0.2,0.2,0.8,0.7,0.2,0.6
Mexican Brownies with Chili,Mexican,0.8,0.3,0.1,0.7,0.4,0.6,0.9,0.8,0.4,0.9
Vanilla Bean Flan,Mexican,0.9,0.1,0.1,0.1,0.2,0.1,0.7,1.0,0.1,0.4
Spiced Fruit Platter,Mexican,0.6,0.5,0.8,0.1,0.2,0.7,0.1,0.7,0.9,0.4
Coffee Flan,Mexican,0.8,0.1,0.1,0.8,0.3,0.1,0.7,0.9,0.1,0.4
Sweet Empanadas (Assorted),Mexican,0.8,0.2,0.4,0.1,0.2,0.2,0.6,0.8,0.8,0.7
Papaya with Lime and Chili,Mexican,0.7,0.4,0.8,0.2,0.1,0.6,0.1,0.6,0.1,0.5
Caramelized Walnuts,Mexican,0.9,0.3,0.1,0.3,0.3,0.2,0.7,0.6,1.0,0.4
Banana Empanadas,Mexican,0.9,0.2,0.1,0.1,0.2,0.2,0.6,0.8,0.8,0.7
Matcha Mexican Chocolate Truffles,Mexican,0.6,0.2,0.1,0.8,0.4,0.4,0.9,0.8,0.2,0.6
Honey Drizzled Sopapillas,Mexican,1.0,0.2,0.1,0.1,0.1,0.1,0.7,0.6,0.9,0.7
Paletas (Mexican Popsicles),Mexican,0.8,0.1,0.5,0.1,0.1,0.3,0.2,0.8,0.3,0.2
Pineapple Upside-Down Cake,Mexican,0.9,0.2,0.5,0.1,0.2,0.1,0.6,0.8,0.2,0.8
Margarita Sorbet,Mexican,0.7,0.5,1.0,0.2,0.1,0.1,0.1,0.9,0.3,0.1
Almond Mexican Cookies,Mexican,0.7,0.1,0.1,0.2,0.2,0.1,0.6,0.8,0.5,0.4
Assorted Mexican Dessert Platter,Mexican,0.9,0.2,0.4,0.3,0.3,0.4,0.7,1.0,0.8,0.7
